{"train/step": 500, "train/loss": 22500.92578125, "_timestamp": 1675814888.7338734, "_runtime": 243.8304214477539, "_step": 4, "_wandb": {"runtime": 248}}