{"train/step": 2800, "train/loss": 5046.6025390625, "_timestamp": 1675816693.5242617, "_runtime": 675.4723777770996, "_step": 27, "_wandb": {"runtime": 680}}