{"train/step": 1000, "train/loss": 7552.255859375, "_timestamp": 1675799853.0139456, "_runtime": 302.78339552879333, "_step": 9, "_wandb": {"runtime": 303}}