{"train/step": 8800, "train/loss": 726.7488403320312, "_timestamp": 1675814562.84984, "_runtime": 1767.7653348445892, "_step": 87, "_wandb": {"runtime": 1778}}